section_num,section_id,section_title,question_num,question_id,question_title,question_subtitle,option_id,option_label,option_image
1,identificacao,1. IDENTIFICAÇÃO,1,unidade,Qual é a sua unidade no condomínio?,Selecione a casa correspondente à sua propriedade.,casa_01,Casa 01,
1,identificacao,1. IDENTIFICAÇÃO,1,unidade,Qual é a sua unidade no condomínio?,Selecione a casa correspondente à sua propriedade.,casa_02,Casa 02,
1,identificacao,1. IDENTIFICAÇÃO,1,unidade,Qual é a sua unidade no condomínio?,Selecione a casa correspondente à sua propriedade.,casa_03,Casa 03,
1,identificacao,1. IDENTIFICAÇÃO,1,unidade,Qual é a sua unidade no condomínio?,Selecione a casa correspondente à sua propriedade.,casa_04,Casa 04,
1,identificacao,1. IDENTIFICAÇÃO,1,unidade,Qual é a sua unidade no condomínio?,Selecione a casa correspondente à sua propriedade.,casa_05,Casa 05,
1,identificacao,1. IDENTIFICAÇÃO,1,unidade,Qual é a sua unidade no condomínio?,Selecione a casa correspondente à sua propriedade.,casa_06,Casa 06,
1,identificacao,1. IDENTIFICAÇÃO,1,unidade,Qual é a sua unidade no condomínio?,Selecione a casa correspondente à sua propriedade.,casa_07,Casa 07,
1,identificacao,1. IDENTIFICAÇÃO,1,unidade,Qual é a sua unidade no condomínio?,Selecione a casa correspondente à sua propriedade.,casa_08,Casa 08,
1,identificacao,1. IDENTIFICAÇÃO,2,uso_principal,Qual será o principal uso da residência?,,moradia_permanente,Moradia permanente,https://placehold.co/400x300?text=Moradia
1,identificacao,1. IDENTIFICAÇÃO,2,uso_principal,Qual será o principal uso da residência?,,fim_de_semana,Casa de fim de semana,https://placehold.co/400x300?text=Fim+de+Semana
1,identificacao,1. IDENTIFICAÇÃO,2,uso_principal,Qual será o principal uso da residência?,,ferias,Casa de férias,https://placehold.co/400x300?text=Ferias
1,identificacao,1. IDENTIFICAÇÃO,2,uso_principal,Qual será o principal uso da residência?,,uso_eventual,Uso eventual pela família,https://placehold.co/400x300?text=Eventual
1,identificacao,1. IDENTIFICAÇÃO,2,uso_principal,Qual será o principal uso da residência?,,locacao,Uso para locação por temporada,https://placehold.co/400x300?text=Locacao
1,identificacao,1. IDENTIFICAÇÃO,2,uso_principal,Qual será o principal uso da residência?,,misto,Uso misto: família e locação,https://placehold.co/400x300?text=Misto
1,identificacao,1. IDENTIFICAÇÃO,3,frequencia,Com que frequência você imagina utilizar a casa?,,todos_dias,Todos os dias,
1,identificacao,1. IDENTIFICAÇÃO,3,frequencia,Com que frequência você imagina utilizar a casa?,,todos_finais_semana,Todos os finais de semana,
1,identificacao,1. IDENTIFICAÇÃO,3,frequencia,Com que frequência você imagina utilizar a casa?,,duas_tres_mes,Duas ou três vezes por mês,
1,identificacao,1. IDENTIFICAÇÃO,3,frequencia,Com que frequência você imagina utilizar a casa?,,uma_vez_mes,Uma vez por mês,
1,identificacao,1. IDENTIFICAÇÃO,3,frequencia,Com que frequência você imagina utilizar a casa?,,apenas_ferias,Apenas em férias e feriados,
1,identificacao,1. IDENTIFICAÇÃO,3,frequencia,Com que frequência você imagina utilizar a casa?,,esporadicamente,Esporadicamente,
2,perfil_usuarios,2. PERFIL DOS USUÁRIOS,4,pessoas_utilizarao,Quantas pessoas utilizarão normalmente a residência?,,1_pessoa,1 pessoa,
2,perfil_usuarios,2. PERFIL DOS USUÁRIOS,4,pessoas_utilizarao,Quantas pessoas utilizarão normalmente a residência?,,2_pessoas,2 pessoas,
2,perfil_usuarios,2. PERFIL DOS USUÁRIOS,4,pessoas_utilizarao,Quantas pessoas utilizarão normalmente a residência?,,3_pessoas,3 pessoas,
2,perfil_usuarios,2. PERFIL DOS USUÁRIOS,4,pessoas_utilizarao,Quantas pessoas utilizarão normalmente a residência?,,4_pessoas,4 pessoas,
2,perfil_usuarios,2. PERFIL DOS USUÁRIOS,4,pessoas_utilizarao,Quantas pessoas utilizarão normalmente a residência?,,5_pessoas,5 pessoas,
2,perfil_usuarios,2. PERFIL DOS USUÁRIOS,4,pessoas_utilizarao,Quantas pessoas utilizarão normalmente a residência?,,6_mais_pessoas,6 pessoas ou mais,
2,perfil_usuarios,2. PERFIL DOS USUÁRIOS,5,perfil_usuarios,Qual perfil melhor representa os usuários da casa?,,casal,Casal,
2,perfil_usuarios,2. PERFIL DOS USUÁRIOS,5,perfil_usuarios,Qual perfil melhor representa os usuários da casa?,,casal_criancas,Casal com crianças,
2,perfil_usuarios,2. PERFIL DOS USUÁRIOS,5,perfil_usuarios,Qual perfil melhor representa os usuários da casa?,,casal_adolescentes,Casal com adolescentes,
2,perfil_usuarios,2. PERFIL DOS USUÁRIOS,5,perfil_usuarios,Qual perfil melhor representa os usuários da casa?,,casal_filhos_adultos,Casal com filhos adultos,
2,perfil_usuarios,2. PERFIL DOS USUÁRIOS,5,perfil_usuarios,Qual perfil melhor representa os usuários da casa?,,familia_criancas_adultos,Família com crianças e adultos,
2,perfil_usuarios,2. PERFIL DOS USUÁRIOS,5,perfil_usuarios,Qual perfil melhor representa os usuários da casa?,,familia_idosos,Família com idosos,
2,perfil_usuarios,2. PERFIL DOS USUÁRIOS,5,perfil_usuarios,Qual perfil melhor representa os usuários da casa?,,grupo_familiar_variado,Grupo familiar variado,
2,perfil_usuarios,2. PERFIL DOS USUÁRIOS,6,receber_hospedes,Você costuma receber hóspedes?,,raramente,Raramente,
2,perfil_usuarios,2. PERFIL DOS USUÁRIOS,6,receber_hospedes,Você costuma receber hóspedes?,,eventualmente,Eventualmente,
2,perfil_usuarios,2. PERFIL DOS USUÁRIOS,6,receber_hospedes,Você costuma receber hóspedes?,,com_frequencia,Com frequência,
2,perfil_usuarios,2. PERFIL DOS USUÁRIOS,6,receber_hospedes,Você costuma receber hóspedes?,,muito_frequentemente,Muito frequentemente,
2,perfil_usuarios,2. PERFIL DOS USUÁRIOS,7,animais_estimacao,Existem animais de estimação que utilizarão a casa?,,nao,Não,
2,perfil_usuarios,2. PERFIL DOS USUÁRIOS,7,animais_estimacao,Existem animais de estimação que utilizarão a casa?,,sim_cachorro_pequeno,"Sim, cachorro pequeno",
2,perfil_usuarios,2. PERFIL DOS USUÁRIOS,7,animais_estimacao,Existem animais de estimação que utilizarão a casa?,,sim_cachorro_medio_grande,"Sim, cachorro médio ou grande",
2,perfil_usuarios,2. PERFIL DOS USUÁRIOS,7,animais_estimacao,Existem animais de estimação que utilizarão a casa?,,sim_gato,"Sim, gato",
2,perfil_usuarios,2. PERFIL DOS USUÁRIOS,7,animais_estimacao,Existem animais de estimação que utilizarão a casa?,,sim_mais_de_um_animal,"Sim, mais de um animal",
3,tamanho_organizacao,3. TAMANHO E ORGANIZAÇÃO DA CASA,8,pavimentos,Quantos pavimentos você prefere?,,apenas_terreo,Apenas térreo,
3,tamanho_organizacao,3. TAMANHO E ORGANIZAÇÃO DA CASA,8,pavimentos,Quantos pavimentos você prefere?,,dois_pavimentos,Dois pavimentos,
3,tamanho_organizacao,3. TAMANHO E ORGANIZAÇÃO DA CASA,8,pavimentos,Quantos pavimentos você prefere?,,dois_pavimentos_quarto_terreo,"Dois pavimentos, desde que exista pelo menos um quarto no térreo",
3,tamanho_organizacao,3. TAMANHO E ORGANIZAÇÃO DA CASA,8,pavimentos,Quantos pavimentos você prefere?,,nao_tenho_preferencia,Não tenho preferência,
3,tamanho_organizacao,3. TAMANHO E ORGANIZAÇÃO DA CASA,9,quartos_ideal,Quantos quartos considera ideal?,,2_quartos,2 quartos,
3,tamanho_organizacao,3. TAMANHO E ORGANIZAÇÃO DA CASA,9,quartos_ideal,Quantos quartos considera ideal?,,3_quartos,3 quartos,
3,tamanho_organizacao,3. TAMANHO E ORGANIZAÇÃO DA CASA,9,quartos_ideal,Quantos quartos considera ideal?,,4_quartos,4 quartos,
3,tamanho_organizacao,3. TAMANHO E ORGANIZAÇÃO DA CASA,9,quartos_ideal,Quantos quartos considera ideal?,,5_quartos,5 quartos,
3,tamanho_organizacao,3. TAMANHO E ORGANIZAÇÃO DA CASA,10,suites_ideal,Quantas suítes considera ideal?,,nenhuma_suite,Nenhuma suíte,
3,tamanho_organizacao,3. TAMANHO E ORGANIZAÇÃO DA CASA,10,suites_ideal,Quantas suítes considera ideal?,,1_suite,1 suíte,
3,tamanho_organizacao,3. TAMANHO E ORGANIZAÇÃO DA CASA,10,suites_ideal,Quantas suítes considera ideal?,,2_suites,2 suítes,
3,tamanho_organizacao,3. TAMANHO E ORGANIZAÇÃO DA CASA,10,suites_ideal,Quantas suítes considera ideal?,,3_suites,3 suítes,
3,tamanho_organizacao,3. TAMANHO E ORGANIZAÇÃO DA CASA,10,suites_ideal,Quantas suítes considera ideal?,,todos_quartos_com_banheiro,Todos os quartos com banheiro,
3,tamanho_organizacao,3. TAMANHO E ORGANIZAÇÃO DA CASA,11,suite_principal,"Em relação à suíte principal, você prefere:",,quarto_banheiro_compactos,Quarto e banheiro compactos,
3,tamanho_organizacao,3. TAMANHO E ORGANIZAÇÃO DA CASA,11,suite_principal,"Em relação à suíte principal, você prefere:",,quarto_maior_banheiro_convencional,Quarto maior e banheiro convencional,
3,tamanho_organizacao,3. TAMANHO E ORGANIZAÇÃO DA CASA,11,suite_principal,"Em relação à suíte principal, você prefere:",,quarto_maior_banheiro_closet,"Quarto maior, banheiro e closet",
3,tamanho_organizacao,3. TAMANHO E ORGANIZAÇÃO DA CASA,11,suite_principal,"Em relação à suíte principal, você prefere:",,suite_ampla_closet_varanda,Suíte ampla com closet e varanda,
3,tamanho_organizacao,3. TAMANHO E ORGANIZAÇÃO DA CASA,11,suite_principal,"Em relação à suíte principal, você prefere:",,nao_tenho_preferencia,Não tenho preferência,
3,tamanho_organizacao,3. TAMANHO E ORGANIZAÇÃO DA CASA,12,quarto_terreo_importante,Você considera importante existir um quarto no pavimento térreo?,,indispensavel,Indispensável,
3,tamanho_organizacao,3. TAMANHO E ORGANIZAÇÃO DA CASA,12,quarto_terreo_importante,Você considera importante existir um quarto no pavimento térreo?,,desejavel,Desejável,
3,tamanho_organizacao,3. TAMANHO E ORGANIZAÇÃO DA CASA,12,quarto_terreo_importante,Você considera importante existir um quarto no pavimento térreo?,,pouco_importante,Pouco importante,
3,tamanho_organizacao,3. TAMANHO E ORGANIZAÇÃO DA CASA,12,quarto_terreo_importante,Você considera importante existir um quarto no pavimento térreo?,,desnecessario,Desnecessário,
3,tamanho_organizacao,3. TAMANHO E ORGANIZAÇÃO DA CASA,13,sala_tv_separada,Você considera necessária uma sala de TV separada da sala principal?,,sim,Sim,
3,tamanho_organizacao,3. TAMANHO E ORGANIZAÇÃO DA CASA,13,sala_tv_separada,Você considera necessária uma sala de TV separada da sala principal?,,talvez,Talvez,
3,tamanho_organizacao,3. TAMANHO E ORGANIZAÇÃO DA CASA,13,sala_tv_separada,Você considera necessária uma sala de TV separada da sala principal?,,nao,Não,
3,tamanho_organizacao,3. TAMANHO E ORGANIZAÇÃO DA CASA,14,escritorio_home_office,Você gostaria de ter espaço para escritório/home office?,,nao,Não,
3,tamanho_organizacao,3. TAMANHO E ORGANIZAÇÃO DA CASA,14,escritorio_home_office,Você gostaria de ter espaço para escritório/home office?,,pequeno_integrado,Pequeno espaço integrado a outro ambiente,
3,tamanho_organizacao,3. TAMANHO E ORGANIZAÇÃO DA CASA,14,escritorio_home_office,Você gostaria de ter espaço para escritório/home office?,,escritorio_pequeno_independente,Escritório pequeno independente,
3,tamanho_organizacao,3. TAMANHO E ORGANIZAÇÃO DA CASA,14,escritorio_home_office,Você gostaria de ter espaço para escritório/home office?,,escritorio_amplo_independente,Escritório amplo independente,
4,sala_area_social,4. SALA E ÁREA SOCIAL,15,sala_principal_preferencia,Como você prefere a sala principal?,,sala_estar_compacta,Sala de estar compacta,
4,sala_area_social,4. SALA E ÁREA SOCIAL,15,sala_principal_preferencia,Como você prefere a sala principal?,,sala_estar_ampla,Sala de estar ampla,
4,sala_area_social,4. SALA E ÁREA SOCIAL,15,sala_principal_preferencia,Como você prefere a sala principal?,,sala_integrada_cozinha,Sala integrada à cozinha,
4,sala_area_social,4. SALA E ÁREA SOCIAL,15,sala_principal_preferencia,Como você prefere a sala principal?,,sala_integrada_cozinha_varanda,Sala integrada à cozinha e à varanda,
4,sala_area_social,4. SALA E ÁREA SOCIAL,15,sala_principal_preferencia,Como você prefere a sala principal?,,grande_ambiente_social,Grande ambiente social totalmente integrado,
4,sala_area_social,4. SALA E ÁREA SOCIAL,16,sala_estar_jantar,Qual configuração você prefere para sala de estar e jantar?,,ambientes_separados,Ambientes separados,
4,sala_area_social,4. SALA E ÁREA SOCIAL,16,sala_estar_jantar,Qual configuração você prefere para sala de estar e jantar?,,ambientes_integrados,Ambientes integrados,
4,sala_area_social,4. SALA E ÁREA SOCIAL,16,sala_estar_jantar,Qual configuração você prefere para sala de estar e jantar?,,integrados_diferenciacao_visual,"Integrados, mas com alguma diferenciação visual",
4,sala_area_social,4. SALA E ÁREA SOCIAL,16,sala_estar_jantar,Qual configuração você prefere para sala de estar e jantar?,,nao_tenho_preferencia,Não tenho preferência,
4,sala_area_social,4. SALA E ÁREA SOCIAL,17,pe_direito_alto,Você gostaria de pé-direito mais alto na sala?,,sim_pe_direito_duplo,"Sim, pé-direito duplo",
4,sala_area_social,4. SALA E ÁREA SOCIAL,17,pe_direito_alto,Você gostaria de pé-direito mais alto na sala?,,sim_um_pouco_mais_alto,"Sim, um pouco mais alto que o convencional",
4,sala_area_social,4. SALA E ÁREA SOCIAL,17,pe_direito_alto,Você gostaria de pé-direito mais alto na sala?,,nao_altura_convencional,"Não, prefiro altura convencional",
4,sala_area_social,4. SALA E ÁREA SOCIAL,17,pe_direito_alto,Você gostaria de pé-direito mais alto na sala?,,nao_tenho_preferencia,Não tenho preferência,
4,sala_area_social,4. SALA E ÁREA SOCIAL,18,relacao_paisagem,Qual relação você gostaria que a sala tivesse com a paisagem externa?,,grandes_portas_janelas,Grandes portas e janelas voltadas para a paisagem,
4,sala_area_social,4. SALA E ÁREA SOCIAL,18,relacao_paisagem,Qual relação você gostaria que a sala tivesse com a paisagem externa?,,aberturas_medias,Aberturas médias,
4,sala_area_social,4. SALA E ÁREA SOCIAL,18,relacao_paisagem,Qual relação você gostaria que a sala tivesse com a paisagem externa?,,ambiente_mais_reservado,Ambiente mais reservado,
4,sala_area_social,4. SALA E ÁREA SOCIAL,18,relacao_paisagem,Qual relação você gostaria que a sala tivesse com a paisagem externa?,,maxima_integracao,Máxima integração entre interior e exterior,
5,cozinha,5. COZINHA,19,tipo_cozinha,Qual tipo de cozinha você prefere?,,cozinha_totalmente_integrada,Cozinha totalmente integrada à sala,
5,cozinha,5. COZINHA,19,tipo_cozinha,Qual tipo de cozinha você prefere?,,cozinha_parcialmente_integrada,Cozinha parcialmente integrada,
5,cozinha,5. COZINHA,19,tipo_cozinha,Qual tipo de cozinha você prefere?,,cozinha_fechada,Cozinha fechada,
5,cozinha,5. COZINHA,19,tipo_cozinha,Qual tipo de cozinha você prefere?,,cozinha_integrada_possibilidade_fechamento,"Cozinha integrada, mas com possibilidade de fechamento",
5,cozinha,5. COZINHA,20,bancada_cozinha,"Em relação à bancada da cozinha, você prefere:",,bancada_convencional,Bancada convencional,
5,cozinha,5. COZINHA,20,bancada_cozinha,"Em relação à bancada da cozinha, você prefere:",,bancada_em_l,"Bancada em ""L""",
5,cozinha,5. COZINHA,20,bancada_cozinha,"Em relação à bancada da cozinha, você prefere:",,bancada_com_peninsula,Bancada com península,
5,cozinha,5. COZINHA,20,bancada_cozinha,"Em relação à bancada da cozinha, você prefere:",,ilha_central,Ilha central,
5,cozinha,5. COZINHA,20,bancada_cozinha,"Em relação à bancada da cozinha, você prefere:",,ilha_com_espaco_refeicoes,Ilha com espaço para refeições,
5,cozinha,5. COZINHA,21,gostaria_despensa,Você gostaria de ter despensa?,,sim_indispensavel,"Sim, considero indispensável",
5,cozinha,5. COZINHA,21,gostaria_despensa,Você gostaria de ter despensa?,,sim_se_houver_espaco,"Sim, se houver espaço",
5,cozinha,5. COZINHA,21,gostaria_despensa,Você gostaria de ter despensa?,,nao_necessario,Não é necessário,
5,cozinha,5. COZINHA,22,segunda_cozinha,Você gostaria de ter uma segunda cozinha ou cozinha de apoio?,,sim,Sim,
5,cozinha,5. COZINHA,22,segunda_cozinha,Você gostaria de ter uma segunda cozinha ou cozinha de apoio?,,talvez,Talvez,
5,cozinha,5. COZINHA,22,segunda_cozinha,Você gostaria de ter uma segunda cozinha ou cozinha de apoio?,,nao,Não,
6,varanda_area_gourmet,6. VARANDA E ÁREA GOURMET,23,importancia_varanda,Qual importância você atribui à varanda?,,fundamental,Fundamental,
6,varanda_area_gourmet,6. VARANDA E ÁREA GOURMET,23,importancia_varanda,Qual importância você atribui à varanda?,,muito_importante,Muito importante,
6,varanda_area_gourmet,6. VARANDA E ÁREA GOURMET,23,importancia_varanda,Qual importância você atribui à varanda?,,importante,Importante,
6,varanda_area_gourmet,6. VARANDA E ÁREA GOURMET,23,importancia_varanda,Qual importância você atribui à varanda?,,pouco_importante,Pouco importante,
6,varanda_area_gourmet,6. VARANDA E ÁREA GOURMET,23,importancia_varanda,Qual importância você atribui à varanda?,,desnecessaria,Desnecessária,
6,varanda_area_gourmet,6. VARANDA E ÁREA GOURMET,24,tipo_varanda,Qual tipo de varanda você prefere?,,pequena_varanda_frontal,Pequena varanda frontal,
6,varanda_area_gourmet,6. VARANDA E ÁREA GOURMET,24,tipo_varanda,Qual tipo de varanda você prefere?,,varanda_lateral,Varanda lateral,
6,varanda_area_gourmet,6. VARANDA E ÁREA GOURMET,24,tipo_varanda,Qual tipo de varanda você prefere?,,varanda_fundos,Varanda nos fundos,
6,varanda_area_gourmet,6. VARANDA E ÁREA GOURMET,24,tipo_varanda,Qual tipo de varanda você prefere?,,varanda_envolvendo_casa,Varanda envolvendo parte da casa,
6,varanda_area_gourmet,6. VARANDA E ÁREA GOURMET,24,tipo_varanda,Qual tipo de varanda você prefere?,,grande_varanda_integrada,Grande varanda integrada à área social,
6,varanda_area_gourmet,6. VARANDA E ÁREA GOURMET,25,area_gourmet_preferencia,Como você prefere a área gourmet?,,integrada_cozinha,Integrada à cozinha,
6,varanda_area_gourmet,6. VARANDA E ÁREA GOURMET,25,area_gourmet_preferencia,Como você prefere a área gourmet?,,integrada_varanda,Integrada à varanda,
6,varanda_area_gourmet,6. VARANDA E ÁREA GOURMET,25,area_gourmet_preferencia,Como você prefere a área gourmet?,,separada_casa,Separada da casa,
6,varanda_area_gourmet,6. VARANDA E ÁREA GOURMET,25,area_gourmet_preferencia,Como você prefere a área gourmet?,,coberta_aberta_jardim,"Coberta, mas aberta para o jardim",
6,varanda_area_gourmet,6. VARANDA E ÁREA GOURMET,25,area_gourmet_preferencia,Como você prefere a área gourmet?,,nao_necessito_area_gourmet,Não necessito de área gourmet,
6,varanda_area_gourmet,6. VARANDA E ÁREA GOURMET,26,equipamento_gourmet,Qual equipamento você considera mais importante na área gourmet?,,churrasqueira,Churrasqueira,
6,varanda_area_gourmet,6. VARANDA E ÁREA GOURMET,26,equipamento_gourmet,Qual equipamento você considera mais importante na área gourmet?,,fogao_lenha,Fogão a lenha,
6,varanda_area_gourmet,6. VARANDA E ÁREA GOURMET,26,equipamento_gourmet,Qual equipamento você considera mais importante na área gourmet?,,forno_lenha,Forno a lenha,
6,varanda_area_gourmet,6. VARANDA E ÁREA GOURMET,26,equipamento_gourmet,Qual equipamento você considera mais importante na área gourmet?,,cooktop,Cooktop,
6,varanda_area_gourmet,6. VARANDA E ÁREA GOURMET,26,equipamento_gourmet,Qual equipamento você considera mais importante na área gourmet?,,bancada_churrasqueira,Bancada e churrasqueira,
6,varanda_area_gourmet,6. VARANDA E ÁREA GOURMET,26,equipamento_gourmet,Qual equipamento você considera mais importante na área gourmet?,,cozinha_gourmet_completa,Cozinha gourmet completa,
7,clima_serra,7. CLIMA DE SERRA,27,gostaria_lareira,Você gostaria de ter lareira?,,sim_muito_importante,"Sim, considero muito importante",
7,clima_serra,7. CLIMA DE SERRA,27,gostaria_lareira,Você gostaria de ter lareira?,,sim_orcamento_permitir,"Sim, se o orçamento permitir",
7,clima_serra,7. CLIMA DE SERRA,27,gostaria_lareira,Você gostaria de ter lareira?,,talvez,Talvez,
7,clima_serra,7. CLIMA DE SERRA,27,gostaria_lareira,Você gostaria de ter lareira?,,nao_considero_necessario,Não considero necessário,
7,clima_serra,7. CLIMA DE SERRA,28,tipo_lareira,"Caso exista lareira, qual opção você prefere?",,lareira_tradicional,Lareira tradicional,
7,clima_serra,7. CLIMA DE SERRA,28,tipo_lareira,"Caso exista lareira, qual opção você prefere?",,lareira_ecologica,Lareira ecológica,
7,clima_serra,7. CLIMA DE SERRA,28,tipo_lareira,"Caso exista lareira, qual opção você prefere?",,lareira_gas,Lareira a gás,
7,clima_serra,7. CLIMA DE SERRA,28,tipo_lareira,"Caso exista lareira, qual opção você prefere?",,nao_tenho_preferencia,Não tenho preferência,
7,clima_serra,7. CLIMA DE SERRA,28,tipo_lareira,"Caso exista lareira, qual opção você prefere?",,nao_quero_lareira,Não quero lareira,
7,clima_serra,7. CLIMA DE SERRA,29,dias_frios_casa,"Para os dias mais frios, você prefere uma casa:",,muito_integrada_exterior,Muito integrada ao exterior,
7,clima_serra,7. CLIMA DE SERRA,29,dias_frios_casa,"Para os dias mais frios, você prefere uma casa:",,integrada_possibilidade_fechamento,"Integrada, mas com possibilidade de fechamento",
7,clima_serra,7. CLIMA DE SERRA,29,dias_frios_casa,"Para os dias mais frios, você prefere uma casa:",,mais_protegida_aconchegante,Mais protegida e aconchegante,
7,clima_serra,7. CLIMA DE SERRA,29,dias_frios_casa,"Para os dias mais frios, você prefere uma casa:",,nao_tenho_preferencia,Não tenho preferência,
8,area_externa_privativa,8. ÁREA EXTERNA PRIVATIVA,30,jardim_privativo,Você gostaria de ter jardim privativo?,,sim_amplo,"Sim, amplo",
8,area_externa_privativa,8. ÁREA EXTERNA PRIVATIVA,30,jardim_privativo,Você gostaria de ter jardim privativo?,,sim_tamanho_medio,"Sim, de tamanho médio",
8,area_externa_privativa,8. ÁREA EXTERNA PRIVATIVA,30,jardim_privativo,Você gostaria de ter jardim privativo?,,sim_pequeno_facil_manutencao,"Sim, pequeno e de fácil manutenção",
8,area_externa_privativa,8. ÁREA EXTERNA PRIVATIVA,30,jardim_privativo,Você gostaria de ter jardim privativo?,,nao_considero_necessario,Não considero necessário,
8,area_externa_privativa,8. ÁREA EXTERNA PRIVATIVA,31,piscina_privativa,Você gostaria de ter piscina privativa?,,sim,Sim,
8,area_externa_privativa,8. ÁREA EXTERNA PRIVATIVA,31,piscina_privativa,Você gostaria de ter piscina privativa?,,talvez_dependendo_custo,"Talvez, dependendo do custo",
8,area_externa_privativa,8. ÁREA EXTERNA PRIVATIVA,31,piscina_privativa,Você gostaria de ter piscina privativa?,,nao,Não,
8,area_externa_privativa,8. ÁREA EXTERNA PRIVATIVA,32,tamanho_piscina,"Caso tenha piscina, qual tamanho seria suficiente?",,pequena_imersao,"Pequena, tipo piscina de imersão",
8,area_externa_privativa,8. ÁREA EXTERNA PRIVATIVA,32,tamanho_piscina,"Caso tenha piscina, qual tamanho seria suficiente?",,aprox_3x4,Aproximadamente 3x4 m,
8,area_externa_privativa,8. ÁREA EXTERNA PRIVATIVA,32,tamanho_piscina,"Caso tenha piscina, qual tamanho seria suficiente?",,aprox_3x5,Aproximadamente 3x5 m,
8,area_externa_privativa,8. ÁREA EXTERNA PRIVATIVA,32,tamanho_piscina,"Caso tenha piscina, qual tamanho seria suficiente?",,aprox_4x6,Aproximadamente 4x6 m,
8,area_externa_privativa,8. ÁREA EXTERNA PRIVATIVA,32,tamanho_piscina,"Caso tenha piscina, qual tamanho seria suficiente?",,nao_desejo_piscina,Não desejo piscina,
8,area_externa_privativa,8. ÁREA EXTERNA PRIVATIVA,33,interesse_elementos_externos,Você teria interesse em:,,piscina,Piscina,
8,area_externa_privativa,8. ÁREA EXTERNA PRIVATIVA,33,interesse_elementos_externos,Você teria interesse em:,,ofuro,Ofurô,
8,area_externa_privativa,8. ÁREA EXTERNA PRIVATIVA,33,interesse_elementos_externos,Você teria interesse em:,,jacuzzi_hidromassagem,Jacuzzi/hidromassagem externa,
8,area_externa_privativa,8. ÁREA EXTERNA PRIVATIVA,33,interesse_elementos_externos,Você teria interesse em:,,deck_contemplacao,Deck com espaço de contemplação,
8,area_externa_privativa,8. ÁREA EXTERNA PRIVATIVA,33,interesse_elementos_externos,Você teria interesse em:,,nenhum_desses,Nenhum desses elementos,
8,area_externa_privativa,8. ÁREA EXTERNA PRIVATIVA,34,espaco_rede,Você gostaria de ter espaço para rede?,,sim_indispensavel,"Sim, considero indispensável",
8,area_externa_privativa,8. ÁREA EXTERNA PRIVATIVA,34,espaco_rede,Você gostaria de ter espaço para rede?,,sim_interessante,"Sim, seria interessante",
8,area_externa_privativa,8. ÁREA EXTERNA PRIVATIVA,34,espaco_rede,Você gostaria de ter espaço para rede?,,nao_considero_necessario,Não considero necessário,
8,area_externa_privativa,8. ÁREA EXTERNA PRIVATIVA,35,fire_pit,Você gostaria de ter espaço para fogueira externa/fire pit?,,sim,Sim,
8,area_externa_privativa,8. ÁREA EXTERNA PRIVATIVA,35,fire_pit,Você gostaria de ter espaço para fogueira externa/fire pit?,,talvez,Talvez,
8,area_externa_privativa,8. ÁREA EXTERNA PRIVATIVA,35,fire_pit,Você gostaria de ter espaço para fogueira externa/fire pit?,,nao,Não,
9,estacionamento,9. ESTACIONAMENTO,36,vagas_necessarias,Quantas vagas você considera necessárias para sua unidade?,,1_vaga,1 vaga,
9,estacionamento,9. ESTACIONAMENTO,36,vagas_necessarias,Quantas vagas você considera necessárias para sua unidade?,,2_vagas,2 vagas,
9,estacionamento,9. ESTACIONAMENTO,36,vagas_necessarias,Quantas vagas você considera necessárias para sua unidade?,,3_vagas,3 vagas,
9,estacionamento,9. ESTACIONAMENTO,36,vagas_necessarias,Quantas vagas você considera necessárias para sua unidade?,,mais_de_3_vagas,Mais de 3 vagas,
9,estacionamento,9. ESTACIONAMENTO,37,tipo_estacionamento,Você prefere estacionamento:,,totalmente_coberto,Totalmente coberto,
9,estacionamento,9. ESTACIONAMENTO,37,tipo_estacionamento,Você prefere estacionamento:,,parcialmente_coberto,Parcialmente coberto,
9,estacionamento,9. ESTACIONAMENTO,37,tipo_estacionamento,Você prefere estacionamento:,,descoberto,Descoberto,
9,estacionamento,9. ESTACIONAMENTO,37,tipo_estacionamento,Você prefere estacionamento:,,nao_tenho_preferencia,Não tenho preferência,
10,estilo_arquitetonico,10. ESTILO ARQUITETÔNICO,38,estilo_adequado,Qual estilo você considera mais adequado para o condomínio?,,chale_tradicional,Chalé tradicional de montanha,
10,estilo_arquitetonico,10. ESTILO ARQUITETÔNICO,38,estilo_adequado,Qual estilo você considera mais adequado para o condomínio?,,rustico,Rústico,
10,estilo_arquitetonico,10. ESTILO ARQUITETÔNICO,38,estilo_adequado,Qual estilo você considera mais adequado para o condomínio?,,rustico_contemporaneo,Rústico contemporâneo,
10,estilo_arquitetonico,10. ESTILO ARQUITETÔNICO,38,estilo_adequado,Qual estilo você considera mais adequado para o condomínio?,,contemporaneo,Contemporâneo,
10,estilo_arquitetonico,10. ESTILO ARQUITETÔNICO,38,estilo_adequado,Qual estilo você considera mais adequado para o condomínio?,,arquitetura_serrana,Arquitetura serrana com elementos tradicionais,
10,estilo_arquitetonico,10. ESTILO ARQUITETÔNICO,38,estilo_adequado,Qual estilo você considera mais adequado para o condomínio?,,minimalista,Minimalista,
10,estilo_arquitetonico,10. ESTILO ARQUITETÔNICO,38,estilo_adequado,Qual estilo você considera mais adequado para o condomínio?,,mistura_contemporaneo_materiais_naturais,Mistura de contemporâneo com materiais naturais,
10,estilo_arquitetonico,10. ESTILO ARQUITETÔNICO,39,aparencia_casa,Como você imagina a aparência da sua casa?,,muito_rustica,Muito rústica,
10,estilo_arquitetonico,10. ESTILO ARQUITETÔNICO,39,aparencia_casa,Como você imagina a aparência da sua casa?,,predominantemente_rustica,Predominantemente rústica,
10,estilo_arquitetonico,10. ESTILO ARQUITETÔNICO,39,aparencia_casa,Como você imagina a aparência da sua casa?,,equilibrio_rustico_moderno,Equilíbrio entre rústico e moderno,
10,estilo_arquitetonico,10. ESTILO ARQUITETÔNICO,39,aparencia_casa,Como você imagina a aparência da sua casa?,,predominantemente_moderna,Predominantemente moderna,
10,estilo_arquitetonico,10. ESTILO ARQUITETÔNICO,39,aparencia_casa,Como você imagina a aparência da sua casa?,,muito_moderna,Muito moderna,
10,estilo_arquitetonico,10. ESTILO ARQUITETÔNICO,40,telhados_aparencia,"Sobre os telhados, qual aparência você prefere?",,telhado_tradicional_aparente,Telhado tradicional aparente,
10,estilo_arquitetonico,10. ESTILO ARQUITETÔNICO,40,telhados_aparencia,"Sobre os telhados, qual aparência você prefere?",,telhado_aparente_grande_inclinacao,Telhado aparente com grande inclinação,
10,estilo_arquitetonico,10. ESTILO ARQUITETÔNICO,40,telhados_aparencia,"Sobre os telhados, qual aparência você prefere?",,telhado_contemporaneo_linhas_simples,Telhado contemporâneo com linhas simples,
10,estilo_arquitetonico,10. ESTILO ARQUITETÔNICO,40,telhados_aparencia,"Sobre os telhados, qual aparência você prefere?",,mistura_telhado_aparente_volumes_modernos,Mistura de telhado aparente com volumes modernos,
10,estilo_arquitetonico,10. ESTILO ARQUITETÔNICO,40,telhados_aparencia,"Sobre os telhados, qual aparência você prefere?",,telhado_escondido_platibanda,Telhado escondido por platibanda,
11,materiais_fachada,11. MATERIAIS DA FACHADA,41,material_fachadas,Qual material você mais gostaria de ver nas fachadas?,,pedra_natural,Pedra natural,
11,materiais_fachada,11. MATERIAIS DA FACHADA,41,material_fachadas,Qual material você mais gostaria de ver nas fachadas?,,madeira,Madeira,
11,materiais_fachada,11. MATERIAIS DA FACHADA,41,material_fachadas,Qual material você mais gostaria de ver nas fachadas?,,tijolo_aparente,Tijolo aparente,
11,materiais_fachada,11. MATERIAIS DA FACHADA,41,material_fachadas,Qual material você mais gostaria de ver nas fachadas?,,pintura,Pintura,
11,materiais_fachada,11. MATERIAIS DA FACHADA,41,material_fachadas,Qual material você mais gostaria de ver nas fachadas?,,concreto_aparente,Concreto aparente,
11,materiais_fachada,11. MATERIAIS DA FACHADA,41,material_fachadas,Qual material você mais gostaria de ver nas fachadas?,,combinacao_pedra_madeira_pintura,"Combinação de pedra, madeira e pintura",
11,materiais_fachada,11. MATERIAIS DA FACHADA,42,uso_madeira,Quanto ao uso da madeira nas fachadas:,,bastante_madeira,Gostaria de bastante madeira,
11,materiais_fachada,11. MATERIAIS DA FACHADA,42,uso_madeira,Quanto ao uso da madeira nas fachadas:,,detalhes_madeira,Gostaria de alguns detalhes em madeira,
11,materiais_fachada,11. MATERIAIS DA FACHADA,42,uso_madeira,Quanto ao uso da madeira nas fachadas:,,pouco_uso_madeira,Gostaria de pouco uso de madeira,
11,materiais_fachada,11. MATERIAIS DA FACHADA,42,uso_madeira,Quanto ao uso da madeira nas fachadas:,,evitar_madeira_externa,Prefiro evitar madeira externa,
11,materiais_fachada,11. MATERIAIS DA FACHADA,43,uso_pedra_natural,Quanto ao uso de pedra natural:,,elemento_marcante,Gostaria que fosse um elemento marcante,
11,materiais_fachada,11. MATERIAIS DA FACHADA,43,uso_pedra_natural,Quanto ao uso de pedra natural:,,apenas_detalhes,Gostaria apenas em alguns detalhes,
11,materiais_fachada,11. MATERIAIS DA FACHADA,43,uso_pedra_natural,Quanto ao uso de pedra natural:,,pouco_uso,Gostaria de pouco uso,
11,materiais_fachada,11. MATERIAIS DA FACHADA,43,uso_pedra_natural,Quanto ao uso de pedra natural:,,prefiro_nao_utilizar,Prefiro não utilizar,
11,materiais_fachada,11. MATERIAIS DA FACHADA,44,combinacao_cores,Qual combinação de cores você prefere?,,tons_madeira_marrom,Tons de madeira e marrom,
11,materiais_fachada,11. MATERIAIS DA FACHADA,44,combinacao_cores,Qual combinação de cores você prefere?,,bege_areia_madeira,"Bege, areia e madeira",
11,materiais_fachada,11. MATERIAIS DA FACHADA,44,combinacao_cores,Qual combinação de cores você prefere?,,branco_bege_madeira,"Branco, bege e madeira",
11,materiais_fachada,11. MATERIAIS DA FACHADA,44,combinacao_cores,Qual combinação de cores você prefere?,,cinza_pedra_madeira,"Cinza, pedra e madeira",
11,materiais_fachada,11. MATERIAIS DA FACHADA,44,combinacao_cores,Qual combinação de cores você prefere?,,tons_terrosos,Tons terrosos,
11,materiais_fachada,11. MATERIAIS DA FACHADA,44,combinacao_cores,Qual combinação de cores você prefere?,,cores_claras_neutras,Cores claras e neutras,
12,esquadrias_aberturas,12. ESQUADRIAS E ABERTURAS,45,aparencia_portas_janelas,Qual aparência você prefere para portas e janelas?,,madeira,Madeira,
12,esquadrias_aberturas,12. ESQUADRIAS E ABERTURAS,45,aparencia_portas_janelas,Qual aparência você prefere para portas e janelas?,,aluminio_preto,Alumínio preto,
12,esquadrias_aberturas,12. ESQUADRIAS E ABERTURAS,45,aparencia_portas_janelas,Qual aparência você prefere para portas e janelas?,,aluminio_amadeirado,Alumínio amadeirado,
12,esquadrias_aberturas,12. ESQUADRIAS E ABERTURAS,45,aparencia_portas_janelas,Qual aparência você prefere para portas e janelas?,,vidro_esquadrias_discretas,Vidro com esquadrias discretas,
12,esquadrias_aberturas,12. ESQUADRIAS E ABERTURAS,45,aparencia_portas_janelas,Qual aparência você prefere para portas e janelas?,,combinacao_madeira_aluminio,Combinação de madeira e alumínio,
12,esquadrias_aberturas,12. ESQUADRIAS E ABERTURAS,46,grandes_superficies_vidro,Você gosta de grandes superfícies de vidro?,,sim_bastante,"Sim, bastante",
12,esquadrias_aberturas,12. ESQUADRIAS E ABERTURAS,46,grandes_superficies_vidro,Você gosta de grandes superfícies de vidro?,,sim_areas_estrategicas,"Sim, mas apenas em áreas estratégicas",
12,esquadrias_aberturas,12. ESQUADRIAS E ABERTURAS,46,grandes_superficies_vidro,Você gosta de grandes superfícies de vidro?,,aberturas_tamanho_medio,Prefiro aberturas de tamanho médio,
12,esquadrias_aberturas,12. ESQUADRIAS E ABERTURAS,46,grandes_superficies_vidro,Você gosta de grandes superfícies de vidro?,,maior_privacidade_menos_vidro,Prefiro maior privacidade e menos vidro,
13,privacidade,13. PRIVACIDADE,47,nivel_privacidade,Qual nível de privacidade você considera ideal entre as casas?,,maxima_privacidade,Máxima privacidade,
13,privacidade,13. PRIVACIDADE,47,nivel_privacidade,Qual nível de privacidade você considera ideal entre as casas?,,bastante_privacidade_sem_isolamento,"Bastante privacidade, mas sem isolamento",
13,privacidade,13. PRIVACIDADE,47,nivel_privacidade,Qual nível de privacidade você considera ideal entre as casas?,,privacidade_moderada,Privacidade moderada,
13,privacidade,13. PRIVACIDADE,47,nivel_privacidade,Qual nível de privacidade você considera ideal entre as casas?,,maior_integracao_vizinhos,Prefiro maior integração entre os vizinhos,
13,privacidade,13. PRIVACIDADE,48,jardins_privativos,Em relação aos jardins privativos:,,jardins_visualmente_separados,Prefiro jardins visualmente separados,
13,privacidade,13. PRIVACIDADE,48,jardins_privativos,Em relação aos jardins privativos:,,separacao_vegetacao,Prefiro alguma separação com vegetação,
13,privacidade,13. PRIVACIDADE,48,jardins_privativos,Em relação aos jardins privativos:,,jardins_mais_integrados,Prefiro jardins mais integrados,
13,privacidade,13. PRIVACIDADE,48,jardins_privativos,Em relação aos jardins privativos:,,nao_tenho_preferencia,Não tenho preferência,
14,acessibilidade,14. ACESSIBILIDADE,49,casa_idosos_mobilidade,Você considera importante que a casa seja preparada para pessoas idosas ou com mobilidade reduzida?,,sim_desde_inicio,"Sim, desde o início",
14,acessibilidade,14. ACESSIBILIDADE,49,casa_idosos_mobilidade,Você considera importante que a casa seja preparada para pessoas idosas ou com mobilidade reduzida?,,interessante_futuras_adaptacoes,Seria interessante deixar preparada para futuras adaptações,
14,acessibilidade,14. ACESSIBILIDADE,49,casa_idosos_mobilidade,Você considera importante que a casa seja preparada para pessoas idosas ou com mobilidade reduzida?,,nao_considero_necessario_momento,Não considero necessário neste momento,
14,acessibilidade,14. ACESSIBILIDADE,50,suite_terreo_dois_pavimentos,"Caso a residência tenha dois pavimentos, você considera importante existir suíte no térreo?",,sim_indispensavel,"Sim, indispensável",
14,acessibilidade,14. ACESSIBILIDADE,50,suite_terreo_dois_pavimentos,"Caso a residência tenha dois pavimentos, você considera importante existir suíte no térreo?",,seria_desejavel,Seria desejável,
14,acessibilidade,14. ACESSIBILIDADE,50,suite_terreo_dois_pavimentos,"Caso a residência tenha dois pavimentos, você considera importante existir suíte no térreo?",,nao_considero_necessario,Não considero necessário,
15,lavanderia_servico,15. LAVANDERIA E SERVIÇO,51,como_prefere_lavanderia,Como você prefere a lavanderia?,,pequena_compacta,Pequena e compacta,
15,lavanderia_servico,15. LAVANDERIA E SERVIÇO,51,como_prefere_lavanderia,Como você prefere a lavanderia?,,media,Média,
15,lavanderia_servico,15. LAVANDERIA E SERVIÇO,51,como_prefere_lavanderia,Como você prefere a lavanderia?,,ampla,Ampla,
15,lavanderia_servico,15. LAVANDERIA E SERVIÇO,51,como_prefere_lavanderia,Como você prefere a lavanderia?,,integrada_servico_externa,Integrada a uma área de serviço externa,
15,lavanderia_servico,15. LAVANDERIA E SERVIÇO,52,necessario_deposito,Você considera necessário ter depósito?,,sim,Sim,
15,lavanderia_servico,15. LAVANDERIA E SERVIÇO,52,necessario_deposito,Você considera necessário ter depósito?,,seria_interessante,Seria interessante,
15,lavanderia_servico,15. LAVANDERIA E SERVIÇO,52,necessario_deposito,Você considera necessário ter depósito?,,nao,Não,
15,lavanderia_servico,15. LAVANDERIA E SERVIÇO,53,espaco_bicicletas_ferramentas,"Você gostaria de espaço específico para guardar bicicletas, ferramentas e equipamentos?",,sim,Sim,
15,lavanderia_servico,15. LAVANDERIA E SERVIÇO,53,espaco_bicicletas_ferramentas,"Você gostaria de espaço específico para guardar bicicletas, ferramentas e equipamentos?",,talvez,Talvez,
15,lavanderia_servico,15. LAVANDERIA E SERVIÇO,53,espaco_bicicletas_ferramentas,"Você gostaria de espaço específico para guardar bicicletas, ferramentas e equipamentos?",,nao,Não,
16,sustentabilidade,16. SUSTENTABILIDADE,54,interesse_energia_solar,Você teria interesse em sistema de energia solar?,,sim,Sim,
16,sustentabilidade,16. SUSTENTABILIDADE,54,interesse_energia_solar,Você teria interesse em sistema de energia solar?,,talvez_dependendo_investimento,"Talvez, dependendo do investimento",
16,sustentabilidade,16. SUSTENTABILIDADE,54,interesse_energia_solar,Você teria interesse em sistema de energia solar?,,nao,Não,
16,sustentabilidade,16. SUSTENTABILIDADE,55,aquecimento_solar_agua,Você teria interesse em sistema de aquecimento solar de água?,,sim,Sim,
16,sustentabilidade,16. SUSTENTABILIDADE,55,aquecimento_solar_agua,Você teria interesse em sistema de aquecimento solar de água?,,talvez,Talvez,
16,sustentabilidade,16. SUSTENTABILIDADE,55,aquecimento_solar_agua,Você teria interesse em sistema de aquecimento solar de água?,,nao,Não,
16,sustentabilidade,16. SUSTENTABILIDADE,56,captar_agua_chuva,Você considera importante captar água da chuva para irrigação?,,sim,Sim,
16,sustentabilidade,16. SUSTENTABILIDADE,56,captar_agua_chuva,Você considera importante captar água da chuva para irrigação?,,seria_interessante,Seria interessante,
16,sustentabilidade,16. SUSTENTABILIDADE,56,captar_agua_chuva,Você considera importante captar água da chuva para irrigação?,,nao_considero_necessario,Não considero necessário,
17,paisagismo,17. PAISAGISMO,57,estilo_jardim,Qual estilo de jardim você prefere?,,jardim_muito_natural,Jardim muito natural,
17,paisagismo,17. PAISAGISMO,57,estilo_jardim,Qual estilo de jardim você prefere?,,jardim_tropical,Jardim tropical,
17,paisagismo,17. PAISAGISMO,57,estilo_jardim,Qual estilo de jardim você prefere?,,jardim_serrano,Jardim serrano,
17,paisagismo,17. PAISAGISMO,57,estilo_jardim,Qual estilo de jardim você prefere?,,jardim_contemporaneo,Jardim contemporâneo,
17,paisagismo,17. PAISAGISMO,57,estilo_jardim,Qual estilo de jardim você prefere?,,jardim_rustico,Jardim rústico,
17,paisagismo,17. PAISAGISMO,57,estilo_jardim,Qual estilo de jardim você prefere?,,jardim_baixa_manutencao,Jardim de baixa manutenção,
17,paisagismo,17. PAISAGISMO,58,quantidade_vegetacao,Quanto à quantidade de vegetação:,,bastante_vegetacao,Bastante vegetação,
17,paisagismo,17. PAISAGISMO,58,quantidade_vegetacao,Quanto à quantidade de vegetação:,,quantidade_moderada,Quantidade moderada,
17,paisagismo,17. PAISAGISMO,58,quantidade_vegetacao,Quanto à quantidade de vegetação:,,pouca_vegetacao,Pouca vegetação,
17,paisagismo,17. PAISAGISMO,58,quantidade_vegetacao,Quanto à quantidade de vegetação:,,jardim_predominantemente_gramado,Jardim predominantemente gramado,
18,areas_comuns,18. ÁREAS COMUNS DO CONDOMÍNIO,59,area_comum_importante,Qual área comum você considera mais importante?,,piscina,Piscina,
18,areas_comuns,18. ÁREAS COMUNS DO CONDOMÍNIO,59,area_comum_importante,Qual área comum você considera mais importante?,,area_gourmet_churrasqueira,Área gourmet/churrasqueira,
18,areas_comuns,18. ÁREAS COMUNS DO CONDOMÍNIO,59,area_comum_importante,Qual área comum você considera mais importante?,,salao_convivencia,Salão de convivência,
18,areas_comuns,18. ÁREAS COMUNS DO CONDOMÍNIO,59,area_comum_importante,Qual área comum você considera mais importante?,,playground,Playground,
18,areas_comuns,18. ÁREAS COMUNS DO CONDOMÍNIO,59,area_comum_importante,Qual área comum você considera mais importante?,,espaco_contemplacao,Espaço de contemplação,
18,areas_comuns,18. ÁREAS COMUNS DO CONDOMÍNIO,59,area_comum_importante,Qual área comum você considera mais importante?,,area_verde_jardins,Área verde e jardins,
18,areas_comuns,18. ÁREAS COMUNS DO CONDOMÍNIO,59,area_comum_importante,Qual área comum você considera mais importante?,,espaco_fogueira,Espaço para fogueira,
18,areas_comuns,18. ÁREAS COMUNS DO CONDOMÍNIO,59,area_comum_importante,Qual área comum você considera mais importante?,,academia,Academia,
18,areas_comuns,18. ÁREAS COMUNS DO CONDOMÍNIO,60,area_comum_principal,Como você imagina a área comum principal?,,mais_sofisticada,Mais sofisticada,
18,areas_comuns,18. ÁREAS COMUNS DO CONDOMÍNIO,60,area_comum_principal,Como você imagina a área comum principal?,,rustica_aconchegante,Rústica e aconchegante,
18,areas_comuns,18. ÁREAS COMUNS DO CONDOMÍNIO,60,area_comum_principal,Como você imagina a área comum principal?,,contemporanea,Contemporânea,
18,areas_comuns,18. ÁREAS COMUNS DO CONDOMÍNIO,60,area_comum_principal,Como você imagina a área comum principal?,,simples_funcional,Simples e funcional,
18,areas_comuns,18. ÁREAS COMUNS DO CONDOMÍNIO,60,area_comum_principal,Como você imagina a área comum principal?,,integrada_natureza,Integrada à natureza,
19,padronizacao_condominio,19. PADRONIZAÇÃO DO CONDOMÍNIO,61,identidade_arquitetonica_comum,Você concorda que as 8 casas tenham uma identidade arquitetônica comum?,,sim_fundamental,"Sim, considero fundamental",
19,padronizacao_condominio,19. PADRONIZAÇÃO DO CONDOMÍNIO,61,identidade_arquitetonica_comum,Você concorda que as 8 casas tenham uma identidade arquitetônica comum?,,sim_permitindo_personalizacoes,"Sim, mas permitindo algumas personalizações",
19,padronizacao_condominio,19. PADRONIZAÇÃO DO CONDOMÍNIO,61,identidade_arquitetonica_comum,Você concorda que as 8 casas tenham uma identidade arquitetônica comum?,,maior_liberdade_proprietario,Prefiro maior liberdade para cada proprietário,
19,padronizacao_condominio,19. PADRONIZAÇÃO DO CONDOMÍNIO,61,identidade_arquitetonica_comum,Você concorda que as 8 casas tenham uma identidade arquitetônica comum?,,nao_tenho_opiniao_formada,Não tenho opinião formada,
19,padronizacao_condominio,19. PADRONIZAÇÃO DO CONDOMÍNIO,62,o_que_acha_mais_adequado,O que você acha mais adequado?,,casas_praticamente_iguais,Todas as casas com fachadas praticamente iguais,
19,padronizacao_condominio,19. PADRONIZAÇÃO DO CONDOMÍNIO,62,o_que_acha_mais_adequado,O que você acha mais adequado?,,casas_pequenas_variacoes,"Casas semelhantes, com pequenas variações",
19,padronizacao_condominio,19. PADRONIZAÇÃO DO CONDOMÍNIO,62,o_que_acha_mais_adequado,O que você acha mais adequado?,,mesma_linguagem_projetos_diferentes,"Mesma linguagem arquitetônica, mas projetos diferentes",
19,padronizacao_condominio,19. PADRONIZAÇÃO DO CONDOMÍNIO,62,o_que_acha_mais_adequado,O que você acha mais adequado?,,cada_casa_diferente,Cada casa completamente diferente,
19,padronizacao_condominio,19. PADRONIZAÇÃO DO CONDOMÍNIO,63,elementos_padronizacao,Em quais elementos você considera importante existir padronização?,,fachadas,Fachadas,
19,padronizacao_condominio,19. PADRONIZAÇÃO DO CONDOMÍNIO,63,elementos_padronizacao,Em quais elementos você considera importante existir padronização?,,telhados,Telhados,
19,padronizacao_condominio,19. PADRONIZAÇÃO DO CONDOMÍNIO,63,elementos_padronizacao,Em quais elementos você considera importante existir padronização?,,materiais,Materiais,
19,padronizacao_condominio,19. PADRONIZAÇÃO DO CONDOMÍNIO,63,elementos_padronizacao,Em quais elementos você considera importante existir padronização?,,cores,Cores,
19,padronizacao_condominio,19. PADRONIZAÇÃO DO CONDOMÍNIO,63,elementos_padronizacao,Em quais elementos você considera importante existir padronização?,,esquadrias,Esquadrias,
19,padronizacao_condominio,19. PADRONIZAÇÃO DO CONDOMÍNIO,63,elementos_padronizacao,Em quais elementos você considera importante existir padronização?,,paisagismo,Paisagismo,
19,padronizacao_condominio,19. PADRONIZAÇÃO DO CONDOMÍNIO,63,elementos_padronizacao,Em quais elementos você considera importante existir padronização?,,muros_cercas,Muros e cercas,
19,padronizacao_condominio,19. PADRONIZAÇÃO DO CONDOMÍNIO,63,elementos_padronizacao,Em quais elementos você considera importante existir padronização?,,todos_elementos_externos,Todos os elementos externos,
19,padronizacao_condominio,19. PADRONIZAÇÃO DO CONDOMÍNIO,64,alteracoes_individuais,Quanto às alterações individuais solicitadas por cada proprietário:,,bastante_limitadas_preservar_conjunto,Devem ser bastante limitadas para preservar o conjunto,
19,padronizacao_condominio,19. PADRONIZAÇÃO DO CONDOMÍNIO,64,alteracoes_individuais,Quanto às alterações individuais solicitadas por cada proprietário:,,podem_existir_nao_alterem_identidade,Podem existir desde que não alterem a identidade arquitetônica,
19,padronizacao_condominio,19. PADRONIZAÇÃO DO CONDOMÍNIO,64,alteracoes_individuais,Quanto às alterações individuais solicitadas por cada proprietário:,,bastante_liberdade,Deve haver bastante liberdade,
19,padronizacao_condominio,19. PADRONIZAÇÃO DO CONDOMÍNIO,64,alteracoes_individuais,Quanto às alterações individuais solicitadas por cada proprietário:,,cada_proprietario_decidir,Cada proprietário deveria decidir integralmente sua casa,
20,prioridades_projeto,20. PRIORIDADES DO PROJETO,65,aspecto_mais_importante,Qual aspecto é MAIS importante para você?,,conforto,Conforto,
20,prioridades_projeto,20. PRIORIDADES DO PROJETO,65,aspecto_mais_importante,Qual aspecto é MAIS importante para você?,,beleza,Beleza,
20,prioridades_projeto,20. PRIORIDADES DO PROJETO,65,aspecto_mais_importante,Qual aspecto é MAIS importante para você?,,integracao_natureza,Integração com a natureza,
20,prioridades_projeto,20. PRIORIDADES DO PROJETO,65,aspecto_mais_importante,Qual aspecto é MAIS importante para você?,,privacidade,Privacidade,
20,prioridades_projeto,20. PRIORIDADES DO PROJETO,65,aspecto_mais_importante,Qual aspecto é MAIS importante para você?,,espacos_receber_amigos_familia,Espaços para receber amigos e família,
20,prioridades_projeto,20. PRIORIDADES DO PROJETO,65,aspecto_mais_importante,Qual aspecto é MAIS importante para você?,,baixa_manutencao,Baixa manutenção,
20,prioridades_projeto,20. PRIORIDADES DO PROJETO,65,aspecto_mais_importante,Qual aspecto é MAIS importante para você?,,economia_construcao,Economia na construção,
20,prioridades_projeto,20. PRIORIDADES DO PROJETO,65,aspecto_mais_importante,Qual aspecto é MAIS importante para você?,,valorizacao_imobiliaria,Valorização imobiliária,
20,prioridades_projeto,20. PRIORIDADES DO PROJETO,66,escolha_tamanho_acabamentos,"Se fosse necessário escolher entre tamanho e qualidade dos acabamentos, você preferiria:",,casa_maior_acabamentos_simples,Casa maior com acabamentos mais simples,
20,prioridades_projeto,20. PRIORIDADES DO PROJETO,66,escolha_tamanho_acabamentos,"Se fosse necessário escolher entre tamanho e qualidade dos acabamentos, você preferiria:",,equilibrio_tamanho_acabamentos,Equilíbrio entre tamanho e acabamentos,
20,prioridades_projeto,20. PRIORIDADES DO PROJETO,66,escolha_tamanho_acabamentos,"Se fosse necessário escolher entre tamanho e qualidade dos acabamentos, você preferiria:",,casa_menor_acabamentos_melhores,Casa menor com acabamentos melhores,
20,prioridades_projeto,20. PRIORIDADES DO PROJETO,67,custo_construcao,Em relação ao custo da construção:,,priorizar_economia,Quero priorizar economia,
20,prioridades_projeto,20. PRIORIDADES DO PROJETO,67,custo_construcao,Em relação ao custo da construção:,,equilibrio_custo_qualidade,Procuro equilíbrio entre custo e qualidade,
20,prioridades_projeto,20. PRIORIDADES DO PROJETO,67,custo_construcao,Em relação ao custo da construção:,,investir_elementos_diferenciados,Aceito investir mais em alguns elementos diferenciados,
20,prioridades_projeto,20. PRIORIDADES DO PROJETO,67,custo_construcao,Em relação ao custo da construção:,,priorizar_qualidade_arquitetura,"Quero priorizar qualidade e arquitetura, mesmo com custo maior",
20,prioridades_projeto,20. PRIORIDADES DO PROJETO,68,manutencao_futura,Em relação à manutenção futura:,,materiais_manutencao_minima,Quero materiais com manutenção mínima,
20,prioridades_projeto,20. PRIORIDADES DO PROJETO,68,manutencao_futura,Em relação à manutenção futura:,,aceito_manutencao_melhor_aparencia,Aceito alguma manutenção em troca de melhor aparência,
20,prioridades_projeto,20. PRIORIDADES DO PROJETO,68,manutencao_futura,Em relação à manutenção futura:,,manutencao_nao_preocupacao,A manutenção não é uma grande preocupação,
21,sensacao_desejada,21. SENSAÇÃO DESEJADA,69,sensacao_casa_serra,"Ao entrar na sua casa na serra, qual sensação você gostaria de ter?",,aconchego,Aconchego,
21,sensacao_desejada,21. SENSAÇÃO DESEJADA,69,sensacao_casa_serra,"Ao entrar na sua casa na serra, qual sensação você gostaria de ter?",,sofisticacao,Sofisticação,
21,sensacao_desejada,21. SENSAÇÃO DESEJADA,69,sensacao_casa_serra,"Ao entrar na sua casa na serra, qual sensação você gostaria de ter?",,contato_natureza,Contato com a natureza,
21,sensacao_desejada,21. SENSAÇÃO DESEJADA,69,sensacao_casa_serra,"Ao entrar na sua casa na serra, qual sensação você gostaria de ter?",,tranquilidade,Tranquilidade,
21,sensacao_desejada,21. SENSAÇÃO DESEJADA,69,sensacao_casa_serra,"Ao entrar na sua casa na serra, qual sensação você gostaria de ter?",,amplitude,Amplitude,
21,sensacao_desejada,21. SENSAÇÃO DESEJADA,69,sensacao_casa_serra,"Ao entrar na sua casa na serra, qual sensação você gostaria de ter?",,rusticidade,Rusticidade,
21,sensacao_desejada,21. SENSAÇÃO DESEJADA,69,sensacao_casa_serra,"Ao entrar na sua casa na serra, qual sensação você gostaria de ter?",,modernidade,Modernidade,
21,sensacao_desejada,21. SENSAÇÃO DESEJADA,70,frase_representa_casa,Qual frase melhor representa a casa que você gostaria de ter?,,casa_aconchegante_serra,"""Uma casa aconchegante na serra.""",
21,sensacao_desejada,21. SENSAÇÃO DESEJADA,70,frase_representa_casa,Qual frase melhor representa a casa que você gostaria de ter?,,refugio_descansar,"""Um refúgio para descansar.""",
21,sensacao_desejada,21. SENSAÇÃO DESEJADA,70,frase_representa_casa,Qual frase melhor representa a casa que você gostaria de ter?,,casa_reunir_familia,"""Uma casa para reunir a família.""",
21,sensacao_desejada,21. SENSAÇÃO DESEJADA,70,frase_representa_casa,Qual frase melhor representa a casa que você gostaria de ter?,,casa_receber_amigos,"""Uma casa para receber amigos.""",
21,sensacao_desejada,21. SENSAÇÃO DESEJADA,70,frase_representa_casa,Qual frase melhor representa a casa que você gostaria de ter?,,casa_integrada_natureza,"""Uma casa integrada à natureza.""",
21,sensacao_desejada,21. SENSAÇÃO DESEJADA,70,frase_representa_casa,Qual frase melhor representa a casa que você gostaria de ter?,,chale_sofisticado_montanha,"""Um chalé sofisticado de montanha.""",
21,sensacao_desejada,21. SENSAÇÃO DESEJADA,70,frase_representa_casa,Qual frase melhor representa a casa que você gostaria de ter?,,casa_moderna_clima_serra,"""Uma casa moderna com clima de serra.""",
22,decisoes_finais,22. DECISÕES FINAIS,71,conflito_individual_condominio,"Caso uma preferência individual entre em conflito com a identidade arquitetônica do condomínio, você considera que:",,prevalecer_identidade_condominio,Deve prevalecer a identidade do condomínio,
22,decisoes_finais,22. DECISÕES FINAIS,71,conflito_individual_condominio,"Caso uma preferência individual entre em conflito com a identidade arquitetônica do condomínio, você considera que:",,solucao_intermediaria,Deve-se procurar uma solução intermediária,
22,decisoes_finais,22. DECISÕES FINAIS,71,conflito_individual_condominio,"Caso uma preferência individual entre em conflito com a identidade arquitetônica do condomínio, você considera que:",,prevalecer_preferencia_proprietario,Deve prevalecer a preferência do proprietário,
22,decisoes_finais,22. DECISÕES FINAIS,72,elementos_externos_padrao,Você concordaria que determinados elementos externos fossem definidos como padrão para todas as casas?,,sim,Sim,
22,decisoes_finais,22. DECISÕES FINAIS,72,elementos_externos_padrao,Você concordaria que determinados elementos externos fossem definidos como padrão para todas as casas?,,sim_discutidos_previamente,"Sim, desde que discutidos previamente",
22,decisoes_finais,22. DECISÕES FINAIS,72,elementos_externos_padrao,Você concordaria que determinados elementos externos fossem definidos como padrão para todas as casas?,,apenas_alguns_elementos,Apenas alguns elementos,
22,decisoes_finais,22. DECISÕES FINAIS,72,elementos_externos_padrao,Você concordaria que determinados elementos externos fossem definidos como padrão para todas as casas?,,nao,Não,
22,decisoes_finais,22. DECISÕES FINAIS,73,grau_personalizacao,Qual grau de personalização você gostaria de ter em sua residência?,,baixo_projeto_padrao,Baixo - prefiro seguir o projeto padrão,
22,decisoes_finais,22. DECISÕES FINAIS,73,grau_personalizacao,Qual grau de personalização você gostaria de ter em sua residência?,,medio_pequenas_alteracoes,Médio - gostaria de pequenas alterações,
22,decisoes_finais,22. DECISÕES FINAIS,73,grau_personalizacao,Qual grau de personalização você gostaria de ter em sua residência?,,alto_varias_personalizacoes,Alto - gostaria de várias personalizações,
22,decisoes_finais,22. DECISÕES FINAIS,73,grau_personalizacao,Qual grau de personalização você gostaria de ter em sua residência?,,muito_alto_individualizado,Muito alto - gostaria de um projeto bastante individualizado,
22,decisoes_finais,22. DECISÕES FINAIS,74,etapa_participar_decisoes,Em qual etapa você considera mais importante participar das decisões?,,definicao_planta,Definição da planta,
22,decisoes_finais,22. DECISÕES FINAIS,74,etapa_participar_decisoes,Em qual etapa você considera mais importante participar das decisões?,,definicao_fachada,Definição da fachada,
22,decisoes_finais,22. DECISÕES FINAIS,74,etapa_participar_decisoes,Em qual etapa você considera mais importante participar das decisões?,,definicao_materiais,Definição dos materiais,
22,decisoes_finais,22. DECISÕES FINAIS,74,etapa_participar_decisoes,Em qual etapa você considera mais importante participar das decisões?,,definicao_interiores,Definição dos interiores,
22,decisoes_finais,22. DECISÕES FINAIS,74,etapa_participar_decisoes,Em qual etapa você considera mais importante participar das decisões?,,participar_de_todas,Quero participar de todas as etapas,
22,decisoes_finais,22. DECISÕES FINAIS,74,etapa_participar_decisoes,Em qual etapa você considera mais importante participar das decisões?,,deixar_arquiteto,Prefiro deixar a maior parte das decisões com o arquiteto,
23,aprovacao_conceito,23. APROVAÇÃO DO CONCEITO,75,conceito_apropriado,"Para o Villa Piauhy, qual conceito você considera mais apropriado?",,condominio_chales_rusticos,Condomínio de chalés rústicos,
23,aprovacao_conceito,23. APROVAÇÃO DO CONCEITO,75,conceito_apropriado,"Para o Villa Piauhy, qual conceito você considera mais apropriado?",,condominio_serrano_contemporaneo,Condomínio serrano contemporâneo,
23,aprovacao_conceito,23. APROVAÇÃO DO CONCEITO,75,conceito_apropriado,"Para o Villa Piauhy, qual conceito você considera mais apropriado?",,condominio_rustico_sofisticado,Condomínio rústico sofisticado,
23,aprovacao_conceito,23. APROVAÇÃO DO CONCEITO,75,conceito_apropriado,"Para o Villa Piauhy, qual conceito você considera mais apropriado?",,condominio_integrado_natureza,Condomínio integrado à natureza,
23,aprovacao_conceito,23. APROVAÇÃO DO CONCEITO,75,conceito_apropriado,"Para o Villa Piauhy, qual conceito você considera mais apropriado?",,condominio_contemporaneo_materiais_naturais,Condomínio de arquitetura contemporânea com materiais naturais,
23,aprovacao_conceito,23. APROVAÇÃO DO CONCEITO,76,identidade_deve_transmitir,A identidade visual e arquitetônica do empreendimento deve transmitir principalmente:,,natureza,Natureza,
23,aprovacao_conceito,23. APROVAÇÃO DO CONCEITO,76,identidade_deve_transmitir,A identidade visual e arquitetônica do empreendimento deve transmitir principalmente:,,serra,Serra,
23,aprovacao_conceito,23. APROVAÇÃO DO CONCEITO,76,identidade_deve_transmitir,A identidade visual e arquitetônica do empreendimento deve transmitir principalmente:,,aconchego,Aconchego,
23,aprovacao_conceito,23. APROVAÇÃO DO CONCEITO,76,identidade_deve_transmitir,A identidade visual e arquitetônica do empreendimento deve transmitir principalmente:,,exclusividade,Exclusividade,
23,aprovacao_conceito,23. APROVAÇÃO DO CONCEITO,76,identidade_deve_transmitir,A identidade visual e arquitetônica do empreendimento deve transmitir principalmente:,,sofisticacao,Sofisticação,
23,aprovacao_conceito,23. APROVAÇÃO DO CONCEITO,76,identidade_deve_transmitir,A identidade visual e arquitetônica do empreendimento deve transmitir principalmente:,,rusticidade,Rusticidade,
23,aprovacao_conceito,23. APROVAÇÃO DO CONCEITO,76,identidade_deve_transmitir,A identidade visual e arquitetônica do empreendimento deve transmitir principalmente:,,tranquilidade,Tranquilidade,
23,aprovacao_conceito,23. APROVAÇÃO DO CONCEITO,76,identidade_deve_transmitir,A identidade visual e arquitetônica do empreendimento deve transmitir principalmente:,,tradicao,Tradição,
